{
    "AAPL": {
        "upper": 154.19788254133604,
        "lower": 152.65614079199727
    },
    "MSFT": {
        "upper": 272.2164647374625,
        "lower": 269.05375259587083
    },
    "AMZN": {
        "upper": 99.75436587079889,
        "lower": 98.79069012920112
    },
    "GOOGL": {
        "upper": 95.69655620236672,
        "lower": 93.84524313096661
    },
    "BRK.A": {
        "upper": 477459.4970977143,
        "lower": 472635.1618569523
    },
    "JNJ": {
        "upper": 162.65196248474356,
        "lower": 160.61397284858978
    },
    "JPM": {
        "upper": 143.2339825474554,
        "lower": 142.4534654525446
    },
    "PG": {
        "upper": 139.86434721000444,
        "lower": 138.81275745666227
    },
    "V": {
        "upper": 229.31456532544024,
        "lower": 228.30956600789307
    },
    "KO": {
        "upper": 60.31410833959064,
        "lower": 59.55948766040937
    },
    "WMT": {
        "upper": 145.78649153437567,
        "lower": 145.5903197989577
    },
    "INTC": {
        "upper": 28.551256959425984,
        "lower": 28.39493637390735
    },
    "MCD": {
        "upper": 266.46851575740567,
        "lower": 266.0565969092609
    },
    "T": {
        "upper": 19.200890571564578,
        "lower": 19.153108095102084
    },
    "PFE": {
        "upper": 43.90171185919231,
        "lower": 43.46323214080768
    },
    "VZ": {
        "upper": 40.28368158829551,
        "lower": 40.230267745037835
    },
    "GS": {
        "upper": 373.25332051984316,
        "lower": 372.1726041468235
    },
    "XOM": {
        "upper": 117.32512889054746,
        "lower": 115.75649577611921
    },
    "MMM": {
        "upper": 114.90016480118653,
        "lower": 113.94747853214677
    },
    "CVX": {
        "upper": 172.1621032873253,
        "lower": 169.1782527126747
    },
    "NKE": {
        "upper": 126.46974532448219,
        "lower": 125.00053200885115
    },
    "MRK": {
        "upper": 109.19015205171766,
        "lower": 108.26317461494898
    },
    "DIS": {
        "upper": 108.07449565301002,
        "lower": 107.44312234698998
    },
    "HD": {
        "upper": 321.16819404619434,
        "lower": 318.742591287139
    },
    "BA": {
        "upper": 218.20934158716125,
        "lower": 215.3767810795054
    },
    "UNH": {
        "upper": 494.5718950439821,
        "lower": 490.9790496226845
    },
    "CSCO": {
        "upper": 48.46973417068332,
        "lower": 47.60683316265001
    },
    "PEP": {
        "upper": 177.23285873454319,
        "lower": 175.40192726545683
    },
    "CAT": {
        "upper": 247.21702108401018,
        "lower": 244.83063824932316
    },
    "AXP": {
        "upper": 181.0134793657691,
        "lower": 180.26466863423096
    },
    "TRV": {
        "upper": 186.75935092228252,
        "lower": 184.33678241105076
    },
    "RTX": {
        "upper": 101.39799282061779,
        "lower": 100.74320184604889
    },
    "AIG": {
        "upper": 61.796207711677745,
        "lower": 61.51157895498893
    },
    "WBA": {
        "upper": 36.923408286725895,
        "lower": 36.40209904660744
    },
    "CMCSA": {
        "upper": 39.250858662467,
        "lower": 38.945887337533
    },
    "ORCL": {
        "upper": 88.80863274280355,
        "lower": 88.53350392386312
    },
    "UNP": {
        "upper": 205.97687885786934,
        "lower": 202.1075171421307
    },
    "VMW": {
        "upper": 117.41542551945452,
        "lower": 117.36225448054549
    },
    "MA": {
        "upper": 370.7263393496028,
        "lower": 368.3536893170638
    },
    "ADBE": {
        "upper": 377.1286999961829,
        "lower": 374.4250333371504
    },
    "MDLZ": {
        "upper": 66.19677400833139,
        "lower": 65.48139332500195
    },
    "ABT": {
        "upper": 108.20923760327963,
        "lower": 106.93675506338701
    },
    "CHTR": {
        "upper": 401.5330121621809,
        "lower": 398.7236825044857
    },
    "BLK": {
        "upper": 733.5559142239521,
        "lower": 726.4334017760478
    },
    "PM": {
        "upper": 103.3795665388981,
        "lower": 101.14450146110192
    },
    "DHR": {
        "upper": 258.9160521858613,
        "lower": 256.55378048080536
    },
    "SPG": {
        "upper": 125.41085507021224,
        "lower": 125.02903959645444
    },
    "ACN": {
        "upper": 286.9350221345684,
        "lower": 285.36694853209826
    },
    "TMO": {
        "upper": 574.307653217698,
        "lower": 567.8196247823022
    },
    "MO": {
        "upper": 47.709771175339505,
        "lower": 47.47168749132717
    },
    "ABBV": {
        "upper": 153.03241325328577,
        "lower": 151.96337274671424
    },
    "LLY": {
        "upper": 350.7149400134289,
        "lower": 340.4650926532378
    },
    "AVGO": {
        "upper": 602.7636352208251,
        "lower": 598.9878867791749
    },
    "TJX": {
        "upper": 80.68960237977404,
        "lower": 80.57992362022597
    },
    "LMT": {
        "upper": 482.75158079133416,
        "lower": 480.4934238753325
    },
    "HON": {
        "upper": 202.40468562603974,
        "lower": 200.37073304062693
    },
    "AMT": {
        "upper": 216.7679968180334,
        "lower": 215.1978318486332
    },
    "GILD": {
        "upper": 87.07133906807142,
        "lower": 85.12838759859527
    },
    "PGR": {
        "upper": 140.93812319870875,
        "lower": 139.5584168012913
    },
    "NEE": {
        "upper": 76.52229883996874,
        "lower": 75.56802916003126
    },
    "ADP": {
        "upper": 227.06375895902679,
        "lower": 225.30785037430653
    },
    "BAC": {
        "upper": 35.71487252671368,
        "lower": 35.50011880661965
    },
    "WFC": {
        "upper": 48.378839185514174,
        "lower": 47.883532147819146
    },
    "BKNG": {
        "upper": 2496.6212017357125,
        "lower": 2423.642584930954
    },
    "PLD": {
        "upper": 128.96312422196644,
        "lower": 127.19259311136689
    },
    "SLB": {
        "upper": 57.07393628565254,
        "lower": 55.95676171434747
    },
    "MMC": {
        "upper": 172.7580752872435,
        "lower": 167.31077537942315
    },
    "MDT": {
        "upper": 84.10174989175556,
        "lower": 83.67905344157779
    },
    "EIX": {
        "upper": 67.84782499386242,
        "lower": 67.43579033947088
    },
    "SO": {
        "upper": 67.08497468902695,
        "lower": 66.58456864430639
    },
    "DUK": {
        "upper": 99.89475723549803,
        "lower": 99.22413943116867
    },
    "AEP": {
        "upper": 90.9657102085348,
        "lower": 90.57006645813189
    },
    "D": {
        "upper": 58.701279558717204,
        "lower": 57.988738441282806
    },
    "CNP": {
        "upper": 29.39564964394201,
        "lower": 29.062467689391315
    },
    "AON": {
        "upper": 319.1492683052404,
        "lower": 313.5985483614262
    },
    "LNC": {
        "upper": 34.7842108505444,
        "lower": 34.7099191494556
    },
    "PRU": {
        "upper": 104.05078339265319,
        "lower": 103.38889327401347
    },
    "ALL": {
        "upper": 136.68614948575174,
        "lower": 135.47297851424827
    },
    "HAL": {
        "upper": 39.21985861895648,
        "lower": 38.020180047710184
    },
    "PNC": {
        "upper": 160.86400810661317,
        "lower": 160.5336358933869
    },
    "ITW": {
        "upper": 239.19054284320953,
        "lower": 237.99231115679044
    },
    "COF": {
        "upper": 116.54666799593977,
        "lower": 114.83899733739358
    },
    "LOW": {
        "upper": 214.01419233344225,
        "lower": 212.57379366655775
    },
    "FISV": {
        "upper": 117.17976928756129,
        "lower": 115.94506137910538
    },
    "NOC": {
        "upper": 467.41413623527507,
        "lower": 462.1792697647249
    },
    "MET": {
        "upper": 72.20709376326062,
        "lower": 72.14103823673938
    },
    "CME": {
        "upper": 187.07587157660222,
        "lower": 185.73360975673117
    },