{
    "AAPL": {
        "upper": 153.231292,
        "lower": 152.59591900000004
    },
    "MSFT": {
        "upper": 272.036695,
        "lower": 271.44369200000006
    },
    "AMZN": {
        "upper": 99.051202,
        "lower": 98.824876
    },
    "GOOGL": {
        "upper": 94.49776400000002,
        "lower": 93.798543
    },
    "BRK.A": {
        "upper": 476786.9912960001,
        "lower": 476718.760363
    },
    "JNJ": {
        "upper": 162.417877,
        "lower": 162.287277
    },
    "JPM": {
        "upper": 143.01210000000003,
        "lower": 142.304355
    },
    "PG": {
        "upper": 139.90430600000002,
        "lower": 139.47357
    },
    "V": {
        "upper": 229.517949,
        "lower": 228.53027300000002
    },
    "KO": {
        "upper": 60.407304999999994,
        "lower": 59.919585
    },
    "WMT": {
        "upper": 145.655935,
        "lower": 145.587852
    },
    "INTC": {
        "upper": 28.457479,
        "lower": 28.386102
    },
    "MCD": {
        "upper": 266.53477900000007,
        "lower": 266.036707
    },
    "T": {
        "upper": 19.210357000000002,
        "lower": 19.164974
    },
    "PFE": {
        "upper": 43.882283,
        "lower": 43.787893999999994
    },
    "VZ": {
        "upper": 40.261426,
        "lower": 40.222267
    },
    "GS": {
        "upper": 373.475106,
        "lower": 372.283596
    },
    "XOM": {
        "upper": 117.362018,
        "lower": 116.77595599999998
    },
    "MMM": {
        "upper": 115.092588,
        "lower": 114.019296
    },
    "CVX": {
        "upper": 172.30334399999998,
        "lower": 171.010562
    },
    "NKE": {
        "upper": 125.58844300000001,
        "lower": 124.917791
    },
    "MRK": {
        "upper": 109.125275,
        "lower": 108.978019
    },
    "DIS": {
        "upper": 107.57735,
        "lower": 107.496275
    },
    "HD": {
        "upper": 321.54346,
        "lower": 318.6002649999999
    },
    "BA": {
        "upper": 218.49280500000003,
        "lower": 215.025559
    },
    "UNH": {
        "upper": 494.550346,
        "lower": 493.46227
    },
    "CSCO": {
        "upper": 47.791987,
        "lower": 47.677986
    },
    "PEP": {
        "upper": 177.578511,
        "lower": 175.940447
    },
    "CAT": {
        "upper": 246.452233,
        "lower": 244.39622
    },
    "AXP": {
        "upper": 180.910924,
        "lower": 180.896651
    },
    "TRV": {
        "upper": 187.260961,
        "lower": 184.674039
    },
    "RTX": {
        "upper": 101.406629,
        "lower": 100.626726
    },
    "AIG": {
        "upper": 61.85509400000001,
        "lower": 61.548957
    },
    "WBA": {
        "upper": 36.90827899999999,
        "lower": 36.77811
    },
    "CMCSA": {
        "upper": 38.996686,
        "lower": 38.984527
    },
    "ORCL": {
        "upper": 88.807637,
        "lower": 88.722769
    },
    "UNP": {
        "upper": 206.552106,
        "lower": 203.730512
    },
    "VMW": {
        "upper": 117.423362,
        "lower": 117.35869600000001
    },
    "MA": {
        "upper": 370.71855,
        "lower": 369.984844
    },
    "ADBE": {
        "upper": 376.742065,
        "lower": 373.86511600000006
    },
    "MDLZ": {
        "upper": 66.31320599999998,
        "lower": 65.75473
    },
    "ABT": {
        "upper": 108.430634,
        "lower": 107.379863
    },
    "CHTR": {
        "upper": 400.123781,
        "lower": 398.41027800000006
    },
    "BLK": {
        "upper": 732.765107,
        "lower": 732.251951
    },
    "PM": {
        "upper": 103.582862,
        "lower": 102.35321200000001
    },
    "DHR": {
        "upper": 259.397236,
        "lower": 257.04567799999995
    },
    "SPG": {
        "upper": 125.37013099999999,
        "lower": 125.339143
    },
    "ACN": {
        "upper": 287.20237899999995,
        "lower": 285.320331
    },
    "TMO": {
        "upper": 574.579954,
        "lower": 571.857362
    },
    "MO": {
        "upper": 47.758691,
        "lower": 47.516655
    },
    "ABBV": {
        "upper": 153.048938,
        "lower": 152.670511
    },
    "LLY": {
        "upper": 349.78735699999993,
        "lower": 348.608604
    },
    "AVGO": {
        "upper": 600.677465,
        "lower": 598.6691229999999
    },
    "TJX": {
        "upper": 80.712154,
        "lower": 80.591387
    },
    "LMT": {
        "upper": 482.885996,
        "lower": 481.83631
    },
    "HON": {
        "upper": 202.812413,
        "lower": 200.845752
    },
    "AMT": {
        "upper": 217.078152,
        "lower": 215.27758899999998
    },
    "GILD": {
        "upper": 87.327008,
        "lower": 86.021308
    },
    "PGR": {
        "upper": 139.85612200000003,
        "lower": 139.670709
    },
    "NEE": {
        "upper": 75.86569,
        "lower": 75.571582
    },
    "ADP": {
        "upper": 226.991035,
        "lower": 224.96470999999997
    },
    "BAC": {
        "upper": 35.732599,
        "lower": 35.619532
    },
    "WFC": {
        "upper": 48.480993999999995,
        "lower": 47.941298
    },
    "BKNG": {
        "upper": 2460.0350560000006,
        "lower": 2415.483365
    },
    "PLD": {
        "upper": 129.230519,
        "lower": 127.924699
    },
    "SLB": {
        "upper": 56.940144000000004,
        "lower": 56.879772
    },
    "MMC": {
        "upper": 173.86827,
        "lower": 168.439419
    },
    "MDT": {
        "upper": 84.072433,
        "lower": 83.594084
    },
    "EIX": {
        "upper": 67.90247299999999,
        "lower": 67.624191
    },
    "SO": {
        "upper": 67.156833,
        "lower": 66.800668
    },
    "DUK": {
        "upper": 99.916819,
        "lower": 99.65069700000001
    },
    "AEP": {
        "upper": 91.047608,
        "lower": 90.632262
    },
    "D": {
        "upper": 58.846345,
        "lower": 58.05086
    },
    "CNP": {
        "upper": 29.425007,
        "lower": 29.244363
    },
    "AON": {
        "upper": 320.261884,
        "lower": 314.895397
    },
    "LNC": {
        "upper": 34.75461800000001,
        "lower": 34.698267
    },
    "PRU": {
        "upper": 104.182132,
        "lower": 103.55194
    },
    "ALL": {
        "upper": 136.42614199999997,
        "lower": 135.226693
    },
    "HAL": {
        "upper": 39.137412,
        "lower": 38.94350899999999
    },
    "PNC": {
        "upper": 160.89044,
        "lower": 160.71873500000004
    },
    "ITW": {
        "upper": 238.451683,
        "lower": 237.93758400000002
    },
    "COF": {
        "upper": 116.85285099999999,
        "lower": 115.403299
    },
    "LOW": {
        "upper": 213.194206,
        "lower": 212.466069
    },
    "FISV": {
        "upper": 116.164118,
        "lower": 116.088728
    },
    "NOC": {
        "upper": 468.473615,
        "lower": 463.32891099999995
    },
    "MET": {
        "upper": 72.195763,
        "lower": 72.127396
    },
    "CME": {
        "upper": 186.353845,
        "lower": 185.609407
    },
    "SCHW": {
        "upper": 80.92532599999998,
        "lower": 80.697674
    },
    "EXC": {
        "upper": 42.052465,
        "lower": 41.03236
    },
    "PPG": {
        "upper": 130.09990800000003,
        "lower": 128.329746
    },
    "APTV": {
        "upper": 119.755697,
        "lower": 112.84807999999998
    },
    "HUM": {
        "upper": 502.884717,
        "lower": 501.06797199999994
    },
    "REGN": {
        "upper": 763.282633,
        "lower": 756.3313329999999
    },
    "TXT": {
        "upper": 74.631332,
        "lower": 74.600084
    },
    "TGT": {
        "upper": 172.68841099999997,
        "lower": 170.888595
    },
    "PHM": {
        "upper": 56.949974,
        "lower": 56.713842
    },
    "AFL": {
        "upper": 70.72548900000001,
        "lower": 69.505773
    },
    "NDAQ": {
        "upper": 59.624441,
        "lower": 58.841936
    },
    "GIS": {
        "upper": 76.337239,
        "lower": 75.606398
    },
    "EQIX": {
        "upper": 737.884026,